1,https://seekingalpha.com/pr/17803996-nvidia-gtc-news-to-be-shared-on-march-24-followed-investor-call,17803996-nvidia-gtc-news-to-be-shared-on-march-24-followed-investor-call
2,https://seekingalpha.com/pr/17782674-nvidia-announces-upcoming-event-for-financial-community,17782674-nvidia-announces-upcoming-event-for-financial-community
3,https://seekingalpha.com/pr/17779359-nvidia-announces-financial-results-for-fourth-quarter-and-fiscal-2020,17779359-nvidia-announces-financial-results-for-fourth-quarter-and-fiscal-2020
4,https://seekingalpha.com/pr/17765063-nvidia-sets-conference-call-for-fourth-quarter-financial-results,17765063-nvidia-sets-conference-call-for-fourth-quarter-financial-results
5,https://seekingalpha.com/pr/17738985-nvidia-announces-new-g-sync-esports-displays,17738985-nvidia-announces-new-g-sync-esports-displays
6,https://seekingalpha.com/pr/17738365-nvidia-announces-upcoming-event-for-financial-community,17738365-nvidia-announces-upcoming-event-for-financial-community
7,https://seekingalpha.com/pr/17731127-nvidia-introduces-drive-agx-orin-advanced-software-defined-platform-for-autonomous-machines,17731127-nvidia-introduces-drive-agx-orin-advanced-software-defined-platform-for-autonomous-machines
8,https://seekingalpha.com/pr/17731129-didi-chuxing-teams-nvidia-for-autonomous-driving-and-cloud-computing,17731129-didi-chuxing-teams-nvidia-for-autonomous-driving-and-cloud-computing
9,https://seekingalpha.com/pr/17731125-nvidia-provides-transportation-industry-access-to-deep-neural-networks-for-autonomous,17731125-nvidia-provides-transportation-industry-access-to-deep-neural-networks-for-autonomous
10,https://seekingalpha.com/pr/17731126-nvidia-enables-era-of-interactive-conversational-ai-new-inference-software,17731126-nvidia-enables-era-of-interactive-conversational-ai-new-inference-software
11,https://seekingalpha.com/pr/17731124-tencent-games-partners-nvidia-to-launch-start-cloud-gaming-service,17731124-tencent-games-partners-nvidia-to-launch-start-cloud-gaming-service
12,https://seekingalpha.com/pr/17730991-nvidia-announces-upcoming-event-for-financial-community,17730991-nvidia-announces-upcoming-event-for-financial-community
13,https://seekingalpha.com/pr/17714231-owkin-teams-up-nvidia-and-kings-college-london-to-deliver-ai-to-hospitals-while-protecting,17714231-owkin-teams-up-nvidia-and-kings-college-london-to-deliver-ai-to-hospitals-while-protecting
14,https://seekingalpha.com/pr/17704864-nvidia-announces-upcoming-events-for-financial-community,17704864-nvidia-announces-upcoming-events-for-financial-community
15,https://seekingalpha.com/pr/17703122-nvidia-launches-magnum-io-software-suite-to-help-eliminate-data-bottlenecks-for-data,17703122-nvidia-launches-magnum-io-software-suite-to-help-eliminate-data-bottlenecks-for-data
16,https://seekingalpha.com/pr/17703118-nvidia-and-tech-leaders-team-to-build-gpu-accelerated-arm-servers-for-new-era-of-diverse-hpc,17703118-nvidia-and-tech-leaders-team-to-build-gpu-accelerated-arm-servers-for-new-era-of-diverse-hpc
17,https://seekingalpha.com/pr/17703115-nvidia-announces-scalable-gpu-accelerated-supercomputer-in-microsoft-azure-cloud,17703115-nvidia-announces-scalable-gpu-accelerated-supercomputer-in-microsoft-azure-cloud
18,https://seekingalpha.com/pr/17700307-nvidia-announces-financial-results-for-third-quarter-fiscal-2020,17700307-nvidia-announces-financial-results-for-third-quarter-fiscal-2020
19,https://seekingalpha.com/pr/17689574-nvidia-wins-new-ai-inference-benchmarks,17689574-nvidia-wins-new-ai-inference-benchmarks
20,https://seekingalpha.com/pr/17689581-nvidia-announces-jetson-xavier-nx-world-s-smallest-supercomputer-for-ai-edge,17689581-nvidia-announces-jetson-xavier-nx-world-s-smallest-supercomputer-for-ai-edge
21,https://seekingalpha.com/pr/17687380-nvidia-provides-u-s-postal-service-ai-technology-to-improve-delivery-service,17687380-nvidia-provides-u-s-postal-service-ai-technology-to-improve-delivery-service
22,https://seekingalpha.com/pr/17682930-nvidia-sets-conference-call-for-third-quarter-financial-results,17682930-nvidia-sets-conference-call-for-third-quarter-financial-results
23,https://seekingalpha.com/pr/17678339-hero-for-every-gamer-nvidia-introduces-new-geforce-gtx-super-series,17678339-hero-for-every-gamer-nvidia-introduces-new-geforce-gtx-super-series
24,https://seekingalpha.com/pr/17676358-future-of-streaming-entertainment-starts-today-launch-of-nvidia-shield-tv-starting-149,17676358-future-of-streaming-entertainment-starts-today-launch-of-nvidia-shield-tv-starting-149
25,https://seekingalpha.com/pr/17669371-ericsson-and-nvidia-collaborate-to-accelerate-virtualized-5g-radio-access-networks-gpus,17669371-ericsson-and-nvidia-collaborate-to-accelerate-virtualized-5g-radio-access-networks-gpus
26,https://seekingalpha.com/pr/17669307-ericsson-and-nvidia-collaborate-to-accelerate-virtualized-5g-radio-access-networks-gpus,17669307-ericsson-and-nvidia-collaborate-to-accelerate-virtualized-5g-radio-access-networks-gpus
27,https://seekingalpha.com/pr/17669306-nvidia-microsoft-announces-technology-collaboration-for-era-of-intelligent-edge,17669306-nvidia-microsoft-announces-technology-collaboration-for-era-of-intelligent-edge
28,https://seekingalpha.com/pr/17669304-new-nvidia-egx-edge-supercomputing-platform-accelerates-ai-iot-5g-edge,17669304-new-nvidia-egx-edge-supercomputing-platform-accelerates-ai-iot-5g-edge
29,https://seekingalpha.com/pr/17669295-red-hat-and-nvidia-team-to-bring-high-performance-software-defined-5g-ran-to-telecom-industry,17669295-red-hat-and-nvidia-team-to-bring-high-performance-software-defined-5g-ran-to-telecom-industry
30,https://seekingalpha.com/pr/17620827-nvidia-quadro-rtx-6000-powers-world-s-fastest-laptop-asus-proart-studiobook-one,17620827-nvidia-quadro-rtx-6000-powers-world-s-fastest-laptop-asus-proart-studiobook-one
31,https://seekingalpha.com/pr/17612575-nvidia-and-vmware-to-accelerate-machine-learning-data-science-and-ai-workloads-on-vmware,17612575-nvidia-and-vmware-to-accelerate-machine-learning-data-science-and-ai-workloads-on-vmware
32,https://seekingalpha.com/pr/17611617-nvidia-announces-upcoming-event-for-financial-community,17611617-nvidia-announces-upcoming-event-for-financial-community
33,https://seekingalpha.com/pr/17607793-h2o-ai-raises-72_5m-led-goldman-sachs-and-ping-to-democratize-ai,17607793-h2o-ai-raises-72_5m-led-goldman-sachs-and-ping-to-democratize-ai
34,https://seekingalpha.com/pr/17607791-h2o-ai-empowers-every-company-to-be-ai-company,17607791-h2o-ai-empowers-every-company-to-be-ai-company
35,https://seekingalpha.com/pr/17606559-minecraft-is-rtx-on-real-time-ray-tracing-comes-to-world-s-best-selling-video-game,17606559-minecraft-is-rtx-on-real-time-ray-tracing-comes-to-world-s-best-selling-video-game
36,https://seekingalpha.com/pr/17606560-nvidia-rtx-on-new-wave-of-blockbuster-games-showcase-ray-tracing-gamescom,17606560-nvidia-rtx-on-new-wave-of-blockbuster-games-showcase-ray-tracing-gamescom
37,https://seekingalpha.com/pr/17605748-nvidia-announces-financial-results-for-second-quarter-fiscal-2020,17605748-nvidia-announces-financial-results-for-second-quarter-fiscal-2020
38,https://seekingalpha.com/pr/17601945-nvidia-achieves-breakthroughs-in-language-understanding-to-enable-real-time-conversational-ai,17601945-nvidia-achieves-breakthroughs-in-language-understanding-to-enable-real-time-conversational-ai
39,https://seekingalpha.com/pr/17591599-nvidia-sets-conference-call-for-second-quarter-financial-results,17591599-nvidia-sets-conference-call-for-second-quarter-financial-results
40,https://seekingalpha.com/pr/17585284-nvidia-rtx-studio-laptops-and-mobile-workstations-purpose-built-for-creators-coming-from,17585284-nvidia-rtx-studio-laptops-and-mobile-workstations-purpose-built-for-creators-coming-from
41,https://seekingalpha.com/pr/17585285-nvidia-rtx-extends-reach-across-top-applications-bringing-ray-tracing-ai-to-millions-of,17585285-nvidia-rtx-extends-reach-across-top-applications-bringing-ray-tracing-ai-to-millions-of
42,https://seekingalpha.com/pr/17561727-great-power-comes-great-gaming-nvidia-launches-geforce-rtx-super-series,17561727-great-power-comes-great-gaming-nvidia-launches-geforce-rtx-super-series
43,https://seekingalpha.com/pr/17546787-nvidia-names-donald-robertson-chief-accounting-officer,17546787-nvidia-names-donald-robertson-chief-accounting-officer
44,https://seekingalpha.com/pr/17545629-nvidia-brings-cuda-to-arm-enabling-new-path-to-exascale-supercomputing,17545629-nvidia-brings-cuda-to-arm-enabling-new-path-to-exascale-supercomputing
45,https://seekingalpha.com/pr/17541413-cd-projekt-red-and-nvidia-partner-to-bring-ray-tracing-to-cyberpunk-2077,17541413-cd-projekt-red-and-nvidia-partner-to-bring-ray-tracing-to-cyberpunk-2077
46,https://seekingalpha.com/pr/17539857-watch-dogs-legion-to-support-directx-raytracing-on-pc-powered-nvidia-geforce-rtx,17539857-watch-dogs-legion-to-support-directx-raytracing-on-pc-powered-nvidia-geforce-rtx
47,https://seekingalpha.com/pr/17536946-quake-ii-rtx-nvidia-s-reimagining-of-pc-gaming-classic-ray-traced-graphics-available-now,17536946-quake-ii-rtx-nvidia-s-reimagining-of-pc-gaming-classic-ray-traced-graphics-available-now
48,https://seekingalpha.com/pr/17535817-call-of-duty-modern-warfare-to-support-directx-raytracing-on-pc-powered-nvidia-geforce-rtx,17535817-call-of-duty-modern-warfare-to-support-directx-raytracing-on-pc-powered-nvidia-geforce-rtx
49,https://seekingalpha.com/pr/17524878-nvidia-earns-double-wins-computex-best-choice-awards,17524878-nvidia-earns-double-wins-computex-best-choice-awards
50,https://seekingalpha.com/pr/17524563-nvidia-launches-edge-computing-platform-to-bring-real-time-ai-to-global-industries,17524563-nvidia-launches-edge-computing-platform-to-bring-real-time-ai-to-global-industries
51,https://seekingalpha.com/pr/17524561-nvidia-laptop-momentum-accelerates-partners-announce-25-new-models,17524561-nvidia-laptop-momentum-accelerates-partners-announce-25-new-models
52,https://seekingalpha.com/pr/17524560-nvidia-boosts-capabilities-of-world-s-40-million-creatives-launch-of-nvidia-studio,17524560-nvidia-boosts-capabilities-of-world-s-40-million-creatives-launch-of-nvidia-studio
53,https://seekingalpha.com/pr/17524557-nvidia-and-bethesda-add-wolfenstein-youngblood-to-list-of-ray-traced-blockbuster-franchises,17524557-nvidia-and-bethesda-add-wolfenstein-youngblood-to-list-of-ray-traced-blockbuster-franchises
54,https://seekingalpha.com/pr/17524553-relive-classic-nvidia-remakes-quake-ii-stunning-ray-traced-graphics-gifts-to-pc-gamers,17524553-relive-classic-nvidia-remakes-quake-ii-stunning-ray-traced-graphics-gifts-to-pc-gamers
55,https://seekingalpha.com/pr/17522007-nvidia-announces-upcoming-events-for-financial-community,17522007-nvidia-announces-upcoming-events-for-financial-community
56,https://seekingalpha.com/pr/17516119-nvidia-announces-financial-results-for-first-quarter-fiscal-2020,17516119-nvidia-announces-financial-results-for-first-quarter-fiscal-2020
57,https://seekingalpha.com/pr/17505835-king-s-college-london-and-nvidia-build-uk-s-first-ai-platform-for-nhs-hospitals,17505835-king-s-college-london-and-nvidia-build-uk-s-first-ai-platform-for-nhs-hospitals
58,https://seekingalpha.com/pr/17505498-nvidia-stockholder-meeting-set-for-may-22-individuals-can-participate-online,17505498-nvidia-stockholder-meeting-set-for-may-22-individuals-can-participate-online
59,https://seekingalpha.com/pr/17498354-nvidia-sets-conference-call-for-first-quarter-financial-results,17498354-nvidia-sets-conference-call-for-first-quarter-financial-results
60,https://seekingalpha.com/pr/17484564-nvidia-supercharges-record-80-gaming-laptop-models-turing-powered-gtx-16-series-gpus,17484564-nvidia-supercharges-record-80-gaming-laptop-models-turing-powered-gtx-16-series-gpus
61,https://seekingalpha.com/pr/17468626-nvidia-and-american-college-of-radiology-ai-lab-team-to-accelerate-adoption-of-ai-in,17468626-nvidia-and-american-college-of-radiology-ai-lab-team-to-accelerate-adoption-of-ai-in
62,https://seekingalpha.com/pr/17461319-nvidia-names-stephen-neal-to-board-of-directors,17461319-nvidia-names-stephen-neal-to-board-of-directors
63,https://seekingalpha.com/pr/17447733-nvidia-teams-amazon-web-services-to-bring-ai-to-millions-of-connected-devices,17447733-nvidia-teams-amazon-web-services-to-bring-ai-to-millions-of-connected-devices
64,https://seekingalpha.com/pr/17447721-nvidia-and-toyota-research-institute-advanced-development-partner-to-create-safer-autonomous,17447721-nvidia-and-toyota-research-institute-advanced-development-partner-to-create-safer-autonomous
65,https://seekingalpha.com/pr/17447719-nvidia-drive-constellation-now-available-virtual-proving-ground-for-validating-autonomous,17447719-nvidia-drive-constellation-now-available-virtual-proving-ground-for-validating-autonomous
66,https://seekingalpha.com/pr/17447718-nvidia-introduces-drive-av-safety-force-field-computational-defensive-driving-policy-to,17447718-nvidia-introduces-drive-av-safety-force-field-computational-defensive-driving-policy-to
67,https://seekingalpha.com/pr/17447712-nvidia-announces-jetson-nano-99-tiny-yet-mighty-nvidia-cuda-x-ai-computer-runs-all-ai-models,17447712-nvidia-announces-jetson-nano-99-tiny-yet-mighty-nvidia-cuda-x-ai-computer-runs-all-ai-models
68,https://seekingalpha.com/pr/17447706-global-computer-companies-announce-nvidia-powered-enterprise-servers-optimized-for-data,17447706-global-computer-companies-announce-nvidia-powered-enterprise-servers-optimized-for-data
69,https://seekingalpha.com/pr/17447696-nvidia-introduces-new-breed-of-high-performance-workstations-for-millions-of-data-scientists,17447696-nvidia-introduces-new-breed-of-high-performance-workstations-for-millions-of-data-scientists
70,https://seekingalpha.com/pr/17447673-nvidia-microsoft-epic-games-unity-and-leading-developers-kick-start-next-gen-gaming-gdc-2019,17447673-nvidia-microsoft-epic-games-unity-and-leading-developers-kick-start-next-gen-gaming-gdc-2019
71,https://seekingalpha.com/pr/17447667-nvidia-rtx-ray-tracing-accelerated-applications-available-to-millions-of-3d-artists-and,17447667-nvidia-rtx-ray-tracing-accelerated-applications-available-to-millions-of-3d-artists-and
72,https://seekingalpha.com/pr/17439232-nvidia-to-acquire-mellanox-for-6_9-billion,17439232-nvidia-to-acquire-mellanox-for-6_9-billion
73,https://seekingalpha.com/pr/17433644-nvidia-announces-upcoming-event-for-financial-community,17433644-nvidia-announces-upcoming-event-for-financial-community
74,https://seekingalpha.com/pr/17421278-new-geforce-gtx-1660-ti-delivers-great-performance-leap-for-every-gamer-starting-279,17421278-new-geforce-gtx-1660-ti-delivers-great-performance-leap-for-every-gamer-starting-279
75,https://seekingalpha.com/pr/17414260-nvidia-announces-upcoming-event-for-financial-community,17414260-nvidia-announces-upcoming-event-for-financial-community
76,https://seekingalpha.com/pr/17413694-nvidia-announces-financial-results-for-fourth-quarter-and-fiscal-2019,17413694-nvidia-announces-financial-results-for-fourth-quarter-and-fiscal-2019
77,https://seekingalpha.com/pr/17400376-nvidia-ceo-jensen-huang-to-keynote-world-s-premier-ai-conference,17400376-nvidia-ceo-jensen-huang-to-keynote-world-s-premier-ai-conference
78,https://seekingalpha.com/pr/17399712-nvidia-responds-to-trc-capital-s-mini-tender-offer,17399712-nvidia-responds-to-trc-capital-s-mini-tender-offer
79,https://seekingalpha.com/pr/17393005-nvidia-updates-financial-guidance-for-fourth-quarter-of-fiscal-year-2019,17393005-nvidia-updates-financial-guidance-for-fourth-quarter-of-fiscal-year-2019
80,https://seekingalpha.com/pr/17389404-capital-market-laboratories-cmlviz-interviews-nvidia-ceo-china-not-issue-for-us,17389404-capital-market-laboratories-cmlviz-interviews-nvidia-ceo-china-not-issue-for-us
81,https://seekingalpha.com/pr/17372773-nvidia-introduces-drive-autopilot-world-s-first-commercially-available-level-2-automated,17372773-nvidia-introduces-drive-autopilot-world-s-first-commercially-available-level-2-automated
82,https://seekingalpha.com/pr/17371134-nvidia-geforce-rtx-powers-record-number-of-new-gaming-laptops,17371134-nvidia-geforce-rtx-powers-record-number-of-new-gaming-laptops
83,https://seekingalpha.com/pr/17371130-nvidia-geforce-rtx-2060-is-next-gen-gaming-takes-off,17371130-nvidia-geforce-rtx-2060-is-next-gen-gaming-takes-off
84,https://seekingalpha.com/pr/17355341-nvidia-announces-upcoming-event-for-financial-community,17355341-nvidia-announces-upcoming-event-for-financial-community
85,https://seekingalpha.com/pr/17346833-nvidia-reveals-titan-of-turing-titan-rtx,17346833-nvidia-reveals-titan-of-turing-titan-rtx
86,https://seekingalpha.com/pr/17346952-new-nvidia-research-creates-interactive-worlds-ai,17346952-new-nvidia-research-creates-interactive-worlds-ai
87,https://seekingalpha.com/pr/17339555-nvidia-turing-t4-cloud-gpu-adoption-accelerates,17339555-nvidia-turing-t4-cloud-gpu-adoption-accelerates
88,https://seekingalpha.com/pr/17339553-nvidia-hgxminus-2-gpu-accelerated-platform-gains-broad-adoption,17339553-nvidia-hgxminus-2-gpu-accelerated-platform-gains-broad-adoption
89,https://seekingalpha.com/pr/17339444-nvidia-announces-upcoming-events-for-financial-community,17339444-nvidia-announces-upcoming-events-for-financial-community
90,https://seekingalpha.com/pr/17336030-nvidia-announces-financial-results-for-third-quarter-fiscal-2019,17336030-nvidia-announces-financial-results-for-third-quarter-fiscal-2019
91,https://seekingalpha.com/pr/17330840-nvidia-announces-record-adoption-of-new-turing-t4-cloud-gpu,17330840-nvidia-announces-record-adoption-of-new-turing-t4-cloud-gpu
92,https://seekingalpha.com/pr/17330242-nvidia-accelerated-supercomputers-hit-new-highs-on-top500-list,17330242-nvidia-accelerated-supercomputers-hit-new-highs-on-top500-list
93,https://seekingalpha.com/pr/17320753-nvidia-sets-conference-call-for-third-quarter-financial-results,17320753-nvidia-sets-conference-call-for-third-quarter-financial-results
94,https://seekingalpha.com/pr/17295920-oracle-and-nvidia-bring-power-of-cloud-to-next-generation-of-analytics-machine-learning-and,17295920-oracle-and-nvidia-bring-power-of-cloud-to-next-generation-of-analytics-machine-learning-and
95,https://seekingalpha.com/pr/17295802-volvo-selects-nvidia-drive-for-production-cars,17295802-volvo-selects-nvidia-drive-for-production-cars
96,https://seekingalpha.com/pr/17295763-nvidia-introduces-rapids-open-source-gpu-acceleration-platform-for-large-scale-data-analytics,17295763-nvidia-introduces-rapids-open-source-gpu-acceleration-platform-for-large-scale-data-analytics
97,https://seekingalpha.com/pr/17289692-machine-learning-chip-market-is-expected-to-grow-technology-advances,17289692-machine-learning-chip-market-is-expected-to-grow-technology-advances
98,https://seekingalpha.com/pr/17268604-leading-japanese-companies-select-nvidia-jetson-agx-xavier-for-next-generation-autonomous,17268604-leading-japanese-companies-select-nvidia-jetson-agx-xavier-for-next-generation-autonomous
99,https://seekingalpha.com/pr/17268603-yamaha-motor-adopts-jetson-agx-xavier-for-autonomous-machines-for-land-air-and-sea,17268603-yamaha-motor-adopts-jetson-agx-xavier-for-autonomous-machines-for-land-air-and-sea
100,https://seekingalpha.com/pr/17268601-ntt-adopting-nvidia-ai-platform-to-power-company-wide-artificial-intelligence-initiative,17268601-ntt-adopting-nvidia-ai-platform-to-power-company-wide-artificial-intelligence-initiative
101,https://seekingalpha.com/pr/17268602-new-nvidia-data-center-inference-platform-to-fuel-next-wave-of-ai-powered-services,17268602-new-nvidia-data-center-inference-platform-to-fuel-next-wave-of-ai-powered-services
102,https://seekingalpha.com/pr/17266122-combining-innovation-of-internet-of-things-iot-and-expansiveness-of-smart-mobility,17266122-combining-innovation-of-internet-of-things-iot-and-expansiveness-of-smart-mobility
103,https://seekingalpha.com/pr/17265569-nvidia-and-arrow-electronics-bring-new-jetson-xavier-ai-computer-to-world-s-largest,17265569-nvidia-and-arrow-electronics-bring-new-jetson-xavier-ai-computer-to-world-s-largest
104,https://seekingalpha.com/pr/17254991-artificial-intelligence-ai-generating-faster-expected-growth-in-robotics-industry,17254991-artificial-intelligence-ai-generating-faster-expected-growth-in-robotics-industry
105,https://seekingalpha.com/pr/17252931-nvidia-announces-upcoming-event-for-financial-community,17252931-nvidia-announces-upcoming-event-for-financial-community
106,https://seekingalpha.com/pr/17252213-artificial-intelligence-infusing-mesh-technologies-to-create-new-life-in-internet-of-things,17252213-artificial-intelligence-infusing-mesh-technologies-to-create-new-life-in-internet-of-things
107,https://seekingalpha.com/pr/17249178-10-years-in-making-nvidia-brings-real-time-ray-tracing-to-gamers-geforce-rtx,17249178-10-years-in-making-nvidia-brings-real-time-ray-tracing-to-gamers-geforce-rtx
108,https://seekingalpha.com/pr/17249179-nvidia-rtx-platform-brings-real-time-ray-tracing-and-ai-to-barrage-of-blockbuster-games,17249179-nvidia-rtx-platform-brings-real-time-ray-tracing-and-ai-to-barrage-of-blockbuster-games
109,https://seekingalpha.com/pr/17247774-nvidia-announces-financial-results-for-second-quarter-fiscal-2019,17247774-nvidia-announces-financial-results-for-second-quarter-fiscal-2019
110,https://seekingalpha.com/pr/17243958-nvidia-unveils-quadro-rtx-world-s-first-ray-tracing-gpu,17243958-nvidia-unveils-quadro-rtx-world-s-first-ray-tracing-gpu
111,https://seekingalpha.com/pr/17243957-nvidia-reinvents-computer-graphics-turing-architecture,17243957-nvidia-reinvents-computer-graphics-turing-architecture
112,https://seekingalpha.com/pr/17221410-nvidia-sets-conference-call-for-second-quarter-financial-results,17221410-nvidia-sets-conference-call-for-second-quarter-financial-results
113,https://seekingalpha.com/pr/17180884-nvidia-isaac-launches-new-era-of-autonomous-machines,17180884-nvidia-isaac-launches-new-era-of-autonomous-machines
114,https://seekingalpha.com/pr/17180860-nvidia-taiwan-s-unveil-collaboration-to-supercharge-ai-efforts,17180860-nvidia-taiwan-s-unveil-collaboration-to-supercharge-ai-efforts
115,https://seekingalpha.com/pr/17176587-nvidia-introduces-hgxminus-2-fusing-hpc-and-ai-computing-unified-architecture,17176587-nvidia-introduces-hgxminus-2-fusing-hpc-and-ai-computing-unified-architecture
116,https://seekingalpha.com/pr/17172947-nvidia-announces-upcoming-events-for-financial-community,17172947-nvidia-announces-upcoming-events-for-financial-community
117,https://seekingalpha.com/pr/17160442-nvidia-announces-financial-results-for-first-quarter-fiscal-2019,17160442-nvidia-announces-financial-results-for-first-quarter-fiscal-2019
118,https://seekingalpha.com/pr/17150472-nvidia-stockholder-meeting-set-for-may-16-individuals-can-participate-online,17150472-nvidia-stockholder-meeting-set-for-may-16-individuals-can-participate-online
119,https://seekingalpha.com/pr/17148540-nvidia-announces-upcoming-events-for-financial-community,17148540-nvidia-announces-upcoming-events-for-financial-community
120,https://seekingalpha.com/pr/17135698-nvidia-sets-conference-call-for-first-quarter-financial-results,17135698-nvidia-sets-conference-call-for-first-quarter-financial-results
121,https://seekingalpha.com/pr/17113414-nvidia-and-arm-partner-to-bring-deep-learning-to-billions-of-iot-devices,17113414-nvidia-and-arm-partner-to-bring-deep-learning-to-billions-of-iot-devices
122,https://seekingalpha.com/pr/17113404-nvidia-introduces-drive-constellation-simulation-system-to-safely-drive-autonomous-vehicles,17113404-nvidia-introduces-drive-constellation-simulation-system-to-safely-drive-autonomous-vehicles
123,https://seekingalpha.com/pr/17113366-nvidia-expands-deep-learning-inference-capabilities-for-hyperscale-datacenters,17113366-nvidia-expands-deep-learning-inference-capabilities-for-hyperscale-datacenters
124,https://seekingalpha.com/pr/17113347-nvidia-boosts-world-s-leading-deep-learning-computing-platform-bringing-10x-performance-gain,17113347-nvidia-boosts-world-s-leading-deep-learning-computing-platform-bringing-10x-performance-gain
125,https://seekingalpha.com/pr/17113302-nvidia-reinvents-workstation-real-time-ray-tracing,17113302-nvidia-reinvents-workstation-real-time-ray-tracing
126,https://seekingalpha.com/pr/17105881-nvidia-rtx-technology-realizes-dream-of-real-time-cinematic-rendering,17105881-nvidia-rtx-technology-realizes-dream-of-real-time-cinematic-rendering
127,https://seekingalpha.com/pr/17100400-nvidia-announces-upcoming-event-for-financial-community,17100400-nvidia-announces-upcoming-event-for-financial-community
128,https://seekingalpha.com/pr/17090256-nvidia-to-host-world-s-top-ai-experts-gpu-technology-conference,17090256-nvidia-to-host-world-s-top-ai-experts-gpu-technology-conference
129,https://seekingalpha.com/pr/17070402-nvidia-announces-financial-results-for-fourth-quarter-and-fiscal-2018,17070402-nvidia-announces-financial-results-for-fourth-quarter-and-fiscal-2018
130,https://seekingalpha.com/pr/17065213-continental-and-nvidia-partner-to-enable-worldwide-production-of-ai-self-driving-cars,17065213-continental-and-nvidia-partner-to-enable-worldwide-production-of-ai-self-driving-cars
131,https://seekingalpha.com/pr/17060645-nvidia-announces-upcoming-events-for-financial-community,17060645-nvidia-announces-upcoming-events-for-financial-community
132,https://seekingalpha.com/pr/17057203-nvidia-sets-conference-call-for-fourth-quarter-financial-results,17057203-nvidia-sets-conference-call-for-fourth-quarter-financial-results
133,https://seekingalpha.com/pr/17043548-nvidia-announces-world-s-first-functionally-safe-ai-self-driving-platform,17043548-nvidia-announces-world-s-first-functionally-safe-ai-self-driving-platform
134,https://seekingalpha.com/pr/17039568-volkswagen-and-nvidia-to-infuse-ai-future-vehicle-lineup,17039568-volkswagen-and-nvidia-to-infuse-ai-future-vehicle-lineup
135,https://seekingalpha.com/pr/17039565-nvidia-and-aurora-collaborate-to-build-next-generation-autonomous-vehicle-compute-platform,17039565-nvidia-and-aurora-collaborate-to-build-next-generation-autonomous-vehicle-compute-platform
136,https://seekingalpha.com/pr/17039566-uber-selects-nvidia-technology-to-power-self-driving-fleets,17039566-uber-selects-nvidia-technology-to-power-self-driving-fleets
137,https://seekingalpha.com/pr/17039564-nvidia-zf-and-baidu-launch-industry-s-first-ai-autonomous-vehicle-computer-for-china,17039564-nvidia-zf-and-baidu-launch-industry-s-first-ai-autonomous-vehicle-computer-for-china
138,https://seekingalpha.com/pr/17039558-nvidia-supersizes-pc-gaming-new-breed-of-big-format-gaming-displays,17039558-nvidia-supersizes-pc-gaming-new-breed-of-big-format-gaming-displays
139,https://seekingalpha.com/pr/17028289-nvidia-announces-upcoming-event-for-financial-community,17028289-nvidia-announces-upcoming-event-for-financial-community
140,https://seekingalpha.com/pr/17025408-japan-s-komatsu-selects-nvidia-partner-for-deploying-ai-to-create-safer-efficient,17025408-japan-s-komatsu-selects-nvidia-partner-for-deploying-ai-to-create-safer-efficient
141,https://seekingalpha.com/pr/17022011-nvidia-titan-v-transforms-pc-ai-supercomputer,17022011-nvidia-titan-v-transforms-pc-ai-supercomputer
142,https://seekingalpha.com/pr/17017096-nvidia-gpu-cloud-now-available-to-hundreds-of-thousands-of-ai-researchers-using-nvidia,17017096-nvidia-gpu-cloud-now-available-to-hundreds-of-thousands-of-ai-researchers-using-nvidia
143,https://seekingalpha.com/pr/17010579-nuance-and-nvidia-to-advance-ai-for-radiology,17010579-nuance-and-nvidia-to-advance-ai-for-radiology
144,https://seekingalpha.com/pr/17004222-nvidia-announces-upcoming-events-for-financial-community,17004222-nvidia-announces-upcoming-events-for-financial-community
145,https://seekingalpha.com/pr/17000759-nvidia-chosen-every-major-computer-maker-every-major-cloud,17000759-nvidia-chosen-every-major-computer-maker-every-major-cloud
146,https://seekingalpha.com/pr/16998247-nvidia-announces-financial-results-for-third-quarter-fiscal-2018,16998247-nvidia-announces-financial-results-for-third-quarter-fiscal-2018
147,https://seekingalpha.com/pr/16985245-nvidia-announces-new-ai-partners-courses-initiatives-to-deliver-deep-learning-training,16985245-nvidia-announces-new-ai-partners-courses-initiatives-to-deliver-deep-learning-training
148,https://seekingalpha.com/pr/16982191-nvidia-sets-conference-call-for-third-quarter-financial-results,16982191-nvidia-sets-conference-call-for-third-quarter-financial-results
149,https://seekingalpha.com/pr/16980439-nvidia-launches-ai-cloud-container-registry-to-accelerate-deep-learning-volta-gpus-debut-on,16980439-nvidia-launches-ai-cloud-container-registry-to-accelerate-deep-learning-volta-gpus-debut-on
150,https://seekingalpha.com/pr/16980392-nvidia-taiwan-s-ministry-of-science-and-technology-to-accelerate-taiwan-ai-revolution-nvidia,16980392-nvidia-taiwan-s-ministry-of-science-and-technology-to-accelerate-taiwan-ai-revolution-nvidia
151,https://seekingalpha.com/pr/16963394-deutsche-post-dhl-group-selects-nvidia-drive-px-for-autonomous-delivery-truck-fleet,16963394-deutsche-post-dhl-group-selects-nvidia-drive-px-for-autonomous-delivery-truck-fleet
152,https://seekingalpha.com/pr/16963360-nvidia-announces-worlds-first-ai-computer-to-make-robotaxis-reality,16963360-nvidia-announces-worlds-first-ai-computer-to-make-robotaxis-reality
153,https://seekingalpha.com/pr/16963340-welcome-to-holodeck-nvidias-design-lab-of-future,16963340-welcome-to-holodeck-nvidias-design-lab-of-future
154,https://seekingalpha.com/pr/16953158-correction-nvidia-tensorrt-3-dramatically-accelerates-ai-inference-for-hyperscale-data,16953158-correction-nvidia-tensorrt-3-dramatically-accelerates-ai-inference-for-hyperscale-data
155,https://seekingalpha.com/pr/16952600-worlds-largest-server-companies-announce-nvidia-volta-systems-supercharged-for-ai,16952600-worlds-largest-server-companies-announce-nvidia-volta-systems-supercharged-for-ai
156,https://seekingalpha.com/pr/16950360-nvidia-tensorrt-3-dramatically-accelerates-ai-inference-for-hyperscale-data-centers,16950360-nvidia-tensorrt-3-dramatically-accelerates-ai-inference-for-hyperscale-data-centers
157,https://seekingalpha.com/pr/16950359-chinas-top-cloud-providers-adopt-nvidia-volta-gpus-to-supercharge-next-gen-ai-services,16950359-chinas-top-cloud-providers-adopt-nvidia-volta-gpus-to-supercharge-next-gen-ai-services
158,https://seekingalpha.com/pr/16950352-chinas-top-server-builders-adopt-nvidia-ai-design-for-cloud-computing,16950352-chinas-top-server-builders-adopt-nvidia-ai-design-for-cloud-computing
159,https://seekingalpha.com/pr/16923846-nvidia-announces-upcoming-event-for-financial-community,16923846-nvidia-announces-upcoming-event-for-financial-community
160,https://seekingalpha.com/pr/16919606-nvidia-and-square-enix-team-up-to-deliver-stunning-version-of-final-fantasy-xv-on-pc,16919606-nvidia-and-square-enix-team-up-to-deliver-stunning-version-of-final-fantasy-xv-on-pc
161,https://seekingalpha.com/pr/16919616-winner-winner-chicken-dinner-nvidia-adds-new-technology-to-smash-hit-game-playerunknowns,16919616-winner-winner-chicken-dinner-nvidia-adds-new-technology-to-smash-hit-game-playerunknowns
162,https://seekingalpha.com/pr/16918338-nvidia-quadro-virtual-data-center-workstation-software-turns-tesla-gpu-servers-powerful,16918338-nvidia-quadro-virtual-data-center-workstation-software-turns-tesla-gpu-servers-powerful
163,https://seekingalpha.com/pr/16913411-nvidia-announces-financial-results-for-second-quarter-fiscal-2018,16913411-nvidia-announces-financial-results-for-second-quarter-fiscal-2018
164,https://seekingalpha.com/pr/16901724-nvidia-supercharges-rendering-performance-ai,16901724-nvidia-supercharges-rendering-performance-ai
165,https://seekingalpha.com/pr/16901725-nvidia-external-gpus-bring-new-creative-power-to-millions-of-artists-and-designers,16901725-nvidia-external-gpus-bring-new-creative-power-to-millions-of-artists-and-designers
166,https://seekingalpha.com/pr/16899526-nvidia-sets-conference-call-for-second-quarter-financial-results,16899526-nvidia-sets-conference-call-for-second-quarter-financial-results
167,https://seekingalpha.com/pr/16878327-nvidia-baidu-announce-partnership-to-accelerate-ai,16878327-nvidia-baidu-announce-partnership-to-accelerate-ai
168,https://seekingalpha.com/pr/16872323-volvo-cars-and-autoliv-select-nvidia-drive-px-platform-for-self-driving-cars,16872323-volvo-cars-and-autoliv-select-nvidia-drive-px-platform-for-self-driving-cars
169,https://seekingalpha.com/pr/16872324-zf-hella-nvidia-partner-to-increase-safety-of-self-driving-vehicles,16872324-zf-hella-nvidia-partner-to-increase-safety-of-self-driving-vehicles
170,https://seekingalpha.com/pr/16864769-nvidia-powers-worlds-top-13-energy-efficient-supercomputers,16864769-nvidia-powers-worlds-top-13-energy-efficient-supercomputers
171,https://seekingalpha.com/pr/16860220-nvidia-collaborates-activision-and-bungie-to-bring-destiny-2-to-pc,16860220-nvidia-collaborates-activision-and-bungie-to-bring-destiny-2-to-pc
172,https://seekingalpha.com/pr/16845844-nvidia-partners-worlds-top-server-manufacturers-to-advance-ai-cloud-computing,16845844-nvidia-partners-worlds-top-server-manufacturers-to-advance-ai-cloud-computing
173,https://seekingalpha.com/pr/16845843-design-and-performance-perfected-nvidia-introduces-max-q-for-gaming-laptops,16845843-design-and-performance-perfected-nvidia-introduces-max-q-for-gaming-laptops
174,https://seekingalpha.com/pr/16845663-nvidia-wins-quartet-of-major-awards-computex,16845663-nvidia-wins-quartet-of-major-awards-computex
175,https://seekingalpha.com/pr/16833579-nvidia-stockholder-meeting-set-for-may-23-individuals-can-participate-online,16833579-nvidia-stockholder-meeting-set-for-may-23-individuals-can-participate-online
176,https://seekingalpha.com/pr/16829017-nvidia-ushers-in-new-era-of-robotics-breakthroughs-making-easier-to-build-and-train,16829017-nvidia-ushers-in-new-era-of-robotics-breakthroughs-making-easier-to-build-and-train
177,https://seekingalpha.com/pr/16829011-nvidia-and-toyota-collaborate-to-accelerate-market-introduction-of-autonomous-cars,16829011-nvidia-and-toyota-collaborate-to-accelerate-market-introduction-of-autonomous-cars
178,https://seekingalpha.com/pr/16828986-nvidia-advances-ai-computing-revolution-new-volta-based-dgx-systems,16828986-nvidia-advances-ai-computing-revolution-new-volta-based-dgx-systems
179,https://seekingalpha.com/pr/16828988-nvidia-launches-gpu-cloud-platform-to-simplify-ai-development,16828988-nvidia-launches-gpu-cloud-platform-to-simplify-ai-development
180,https://seekingalpha.com/pr/16828934-nvidia-launches-revolutionary-volta-gpu-platform-fueling-next-era-of-ai-and-high-performance,16828934-nvidia-launches-revolutionary-volta-gpu-platform-fueling-next-era-of-ai-and-high-performance
181,https://seekingalpha.com/pr/16828483-nvidia-announces-upcoming-events-for-financial-community,16828483-nvidia-announces-upcoming-events-for-financial-community
182,https://seekingalpha.com/pr/16827479-nvidia-announces-financial-results-for-first-quarter-fiscal-2018,16827479-nvidia-announces-financial-results-for-first-quarter-fiscal-2018
183,https://seekingalpha.com/pr/16826509-nvidia-to-train-100000-developers-on-deep-learning-in-2017,16826509-nvidia-to-train-100000-developers-on-deep-learning-in-2017
184,https://seekingalpha.com/pr/16824532-nvidia-paves-path-to-ai-cities-metropolis-edge-to-cloud-platform-for-video-analytics,16824532-nvidia-paves-path-to-ai-cities-metropolis-edge-to-cloud-platform-for-video-analytics
185,https://seekingalpha.com/pr/16800410-baidu-advances-ai-in-cloud-latest-nvidia-pascal-gpus,16800410-baidu-advances-ai-in-cloud-latest-nvidia-pascal-gpus
186,https://seekingalpha.com/pr/16792292-nvidia-sets-conference-call-for-first-quarter-financial-results,16792292-nvidia-sets-conference-call-for-first-quarter-financial-results
187,https://seekingalpha.com/pr/16788690-nvidia-to-host-worlds-premier-ai-conference,16788690-nvidia-to-host-worlds-premier-ai-conference
188,https://seekingalpha.com/pr/17817211-s-and-p-500-buybacks-up-3_2-in-q4-2019-full-year-2019-down-9_6-from-record-2018-companies,17817211-s-and-p-500-buybacks-up-3_2-in-q4-2019-full-year-2019-down-9_6-from-record-2018-companies
189,https://seekingalpha.com/pr/17812238-apple-unveils-new-ipad-pro-breakthrough-lidar-scanner-and-brings-trackpad-support-to-ipados,17812238-apple-unveils-new-ipad-pro-breakthrough-lidar-scanner-and-brings-trackpad-support-to-ipados
190,https://seekingalpha.com/pr/17812257-new-macbook-air-to-love-and-is-now-just-999,17812257-new-macbook-air-to-love-and-is-now-just-999
191,https://seekingalpha.com/pr/17808960-apple-s-worldwide-developers-conference-2020-kicks-off-in-june-all-new-online-format,17808960-apple-s-worldwide-developers-conference-2020-kicks-off-in-june-all-new-online-format
192,https://seekingalpha.com/pr/17789158-eplay-announces-big-shot-in-game-memorial-to-gianna-and-kobe-bryant,17789158-eplay-announces-big-shot-in-game-memorial-to-gianna-and-kobe-bryant
193,https://seekingalpha.com/pr/17780860-investor-update-on-quarterly-guidance,17780860-investor-update-on-quarterly-guidance
194,https://seekingalpha.com/pr/17761990-apple-reports-record-first-quarter-results,17761990-apple-reports-record-first-quarter-results
195,https://seekingalpha.com/pr/17757848-penn-national-gaming-names-david-williams-chief-financial-officer,17757848-penn-national-gaming-names-david-williams-chief-financial-officer
196,https://seekingalpha.com/pr/17753368-canadian-physiotherapy-association-names-physitrack-patient-engagement-and-telehealth-partner,17753368-canadian-physiotherapy-association-names-physitrack-patient-engagement-and-telehealth-partner
197,https://seekingalpha.com/pr/17730673-s-and-p-500-buybacks-reverse-declines-in-q3-2019-expenditures-remain-lower-2018-levels,17730673-s-and-p-500-buybacks-reverse-declines-in-q3-2019-expenditures-remain-lower-2018-levels
198,https://seekingalpha.com/pr/17724894-eplay-acquires-game-assets-for-new-and-existing-big-shot-mobile-games,17724894-eplay-acquires-game-assets-for-new-and-existing-big-shot-mobile-games
199,https://seekingalpha.com/pr/17722439-apple-makes-history-multiple-golden-globe-nominations-for-morning-show,17722439-apple-makes-history-multiple-golden-globe-nominations-for-morning-show
200,https://seekingalpha.com/pr/17721084-feganscott-law-firm-confirms-phonegate-new-fcc-accredited-lab-results-show-apple-and-samsung,17721084-feganscott-law-firm-confirms-phonegate-new-fcc-accredited-lab-results-show-apple-and-samsung
201,https://seekingalpha.com/pr/17719312-eplay-announces-new-big-shot-v2_0-new-user-avatars-and-in-app-purchases,17719312-eplay-announces-new-big-shot-v2_0-new-user-avatars-and-in-app-purchases
202,https://seekingalpha.com/pr/17716020-eplay-announces-advertising-in-app-purchase-and-esports-revenue-up-535,17716020-eplay-announces-advertising-in-app-purchase-and-esports-revenue-up-535
203,https://seekingalpha.com/pr/17705298-apple-expands-in-austin,17705298-apple-expands-in-austin
204,https://seekingalpha.com/pr/17699397-apple-launches-three-innovative-studies-today-in-new-research-app,17699397-apple-launches-three-innovative-studies-today-in-new-research-app
205,https://seekingalpha.com/pr/17697592-apple-introduces-16-inch-macbook-pro-world-s-best-pro-notebook,17697592-apple-introduces-16-inch-macbook-pro-world-s-best-pro-notebook
206,https://seekingalpha.com/pr/17684328-apple-commits-2_5-billion-to-combat-housing-crisis-in-california,17684328-apple-commits-2_5-billion-to-combat-housing-crisis-in-california
207,https://seekingalpha.com/pr/17681066-apple-reports-fourth-quarter-results,17681066-apple-reports-fourth-quarter-results
208,https://seekingalpha.com/pr/17676925-apple-reveals-new-airpods-pro-available-october-30,17676925-apple-reveals-new-airpods-pro-available-october-30
209,https://seekingalpha.com/pr/17640081-oprah-s-book-club-starts-new-chapter-apple,17640081-oprah-s-book-club-starts-new-chapter-apple
210,https://seekingalpha.com/pr/17638054-apple-fifth-avenue-cube-is-back,17638054-apple-fifth-avenue-cube-is-back
211,https://seekingalpha.com/pr/17633988-apple-awards-additional-250-million-from-advanced-manufacturing-fund-to-corning,17633988-apple-awards-additional-250-million-from-advanced-manufacturing-fund-to-corning
212,https://seekingalpha.com/pr/17633261-s-and-p-500-buybacks-decline-significantly-in-q2-2019-expenditures-still-remain-higher,17633261-s-and-p-500-buybacks-decline-significantly-in-q2-2019-expenditures-still-remain-higher
213,https://seekingalpha.com/pr/17627962-iphone-11-pro-and-iphone-11-pro-max-powerful-and-advanced-smartphones,17627962-iphone-11-pro-and-iphone-11-pro-max-powerful-and-advanced-smartphones
214,https://seekingalpha.com/pr/17627963-apple-introduces-dual-camera-iphone-11,17627963-apple-introduces-dual-camera-iphone-11
215,https://seekingalpha.com/pr/17627964-apple-arcade-invites-you-to-play-something-extraordinary,17627964-apple-arcade-invites-you-to-play-something-extraordinary
216,https://seekingalpha.com/pr/17627926-apple-unveils-apple-watch-series-5,17627926-apple-unveils-apple-watch-series-5
217,https://seekingalpha.com/pr/17627903-apple-introduces-new-version-of-popular-ipad-starting-329,17627903-apple-introduces-new-version-of-popular-ipad-starting-329
218,https://seekingalpha.com/pr/17627897-apple-tv-launches-november-1-featuring-originals-from-world-s-greatest-storytellers,17627897-apple-tv-launches-november-1-featuring-originals-from-world-s-greatest-storytellers
219,https://seekingalpha.com/pr/17616526-apple-offers-customers-even-options-for-safe-reliable-repairs,17616526-apple-offers-customers-even-options-for-safe-reliable-repairs
220,https://seekingalpha.com/pr/17597726-lilly-evidation-health-and-apple-study-shows-personal-digital-devices-may-help-in,17597726-lilly-evidation-health-and-apple-study-shows-personal-digital-devices-may-help-in
221,https://seekingalpha.com/pr/17587662-apple-reports-third-quarter-results,17587662-apple-reports-third-quarter-results
222,https://seekingalpha.com/pr/17586650-apple-offers-new-augmented-reality-art-sessions,17586650-apple-offers-new-augmented-reality-art-sessions
223,https://seekingalpha.com/pr/17565659-macbook-air-and-macbook-pro-updated-for-back-to-school-season,17565659-macbook-air-and-macbook-pro-updated-for-back-to-school-season
224,https://seekingalpha.com/pr/17558702-jony-ive-to-form-independent-design-company-apple-client,17558702-jony-ive-to-form-independent-design-company-apple-client
225,https://seekingalpha.com/pr/17558703-apple-names-sabih-khan-senior-vice-president-of-operations,17558703-apple-names-sabih-khan-senior-vice-president-of-operations
226,https://seekingalpha.com/pr/17551182-important-notice-for-batteries-in-certain-macbook-pro-units,17551182-important-notice-for-batteries-in-certain-macbook-pro-units
227,https://seekingalpha.com/pr/17545517-lead-plaintiff-deadline-alert-faruqi-faruqi-llp-encourages-investors-who-suffered-losses-in,17545517-lead-plaintiff-deadline-alert-faruqi-faruqi-llp-encourages-investors-who-suffered-losses-in
228,https://seekingalpha.com/pr/17545501-apple-72-hour-deadline-alert-approximately-72-hours-remain-former-louisiana-attorney-general,17545501-apple-72-hour-deadline-alert-approximately-72-hours-remain-former-louisiana-attorney-general
229,https://seekingalpha.com/pr/17545205-monday-deadline-alert-schall-law-firm-announces-is-investigating-claims-against-apple-inc-and,17545205-monday-deadline-alert-schall-law-firm-announces-is-investigating-claims-against-apple-inc-and
230,https://seekingalpha.com/pr/17533982-hagens-berman-ios-developers-sue-apple-over-app-store-fees-in-new-class-action-lawsuit,17533982-hagens-berman-ios-developers-sue-apple-over-app-store-fees-in-new-class-action-lawsuit
231,https://seekingalpha.com/pr/17532461-apple-unveils-groundbreaking-new-technologies-for-app-development,17532461-apple-unveils-groundbreaking-new-technologies-for-app-development
232,https://seekingalpha.com/pr/17532462-apple-previews-macos-catalina,17532462-apple-previews-macos-catalina
233,https://seekingalpha.com/pr/17532419-apple-unveils-powerful-all-new-mac-pro-and-groundbreaking-pro-display-xdr,17532419-apple-unveils-powerful-all-new-mac-pro-and-groundbreaking-pro-display-xdr
234,https://seekingalpha.com/pr/17532395-new-ipados-powers-unique-experiences-designed-for-ipad,17532395-new-ipados-powers-unique-experiences-designed-for-ipad
235,https://seekingalpha.com/pr/17532396-apple-previews-ios-13,17532396-apple-previews-ios-13
236,https://seekingalpha.com/pr/17532397-tvos-13-powers-personal-cinematic-experience-ever,17532397-tvos-13-powers-personal-cinematic-experience-ever
237,https://seekingalpha.com/pr/17532398-watchos-6-advances-health-and-fitness-capabilities-for-apple-watch,17532398-watchos-6-advances-health-and-fitness-capabilities-for-apple-watch
238,https://seekingalpha.com/pr/17525372-new-ipod-touch-delivers-even-greater-performance,17525372-new-ipod-touch-delivers-even-greater-performance
239,https://seekingalpha.com/pr/17513829-lead-plaintiff-deadline-alert-faruqi-faruqi-llp-encourages-investors-who-suffered-losses,17513829-lead-plaintiff-deadline-alert-faruqi-faruqi-llp-encourages-investors-who-suffered-losses
240,https://seekingalpha.com/pr/17506856-apple-carnegie-library-opens-saturday-in-washington-d-c,17506856-apple-carnegie-library-opens-saturday-in-washington-d-c
241,https://seekingalpha.com/pr/17503101-glancy-prongay-murray-reminds-investors-of-looming-deadline-in-class-action-lawsuit-against,17503101-glancy-prongay-murray-reminds-investors-of-looming-deadline-in-class-action-lawsuit-against
242,https://seekingalpha.com/pr/17501254-deadline-reminder-law-offices-of-howard-g-smith-reminds-investors-of-looming-deadline-in,17501254-deadline-reminder-law-offices-of-howard-g-smith-reminds-investors-of-looming-deadline-in
243,https://seekingalpha.com/pr/17494186-lead-plaintiff-deadline-alert-faruqi-faruqi-llp-encourages-investors-who-suffered-losses,17494186-lead-plaintiff-deadline-alert-faruqi-faruqi-llp-encourages-investors-who-suffered-losses
244,https://seekingalpha.com/pr/17494028-apple-reports-second-quarter-results,17494028-apple-reports-second-quarter-results
245,https://seekingalpha.com/pr/17493762-glancy-prongay-murray-llp-announces-filing-of-securities-class-action-on-behalf-of-apple-inc,17493762-glancy-prongay-murray-llp-announces-filing-of-securities-class-action-on-behalf-of-apple-inc
246,https://seekingalpha.com/pr/17491540-investor-alert-law-offices-of-howard-g-smith-announces-filing-of-securities-class-action-on,17491540-investor-alert-law-offices-of-howard-g-smith-announces-filing-of-securities-class-action-on
247,https://seekingalpha.com/pr/17490320-apple-inc-shareholder-investigation-lawsuit-filed-aapl,17490320-apple-inc-shareholder-investigation-lawsuit-filed-aapl
248,https://seekingalpha.com/pr/17490125-glancy-prongay-murray-llp-announces-investigation-on-behalf-of-apple-inc-investors,17490125-glancy-prongay-murray-llp-announces-investigation-on-behalf-of-apple-inc-investors
249,https://seekingalpha.com/pr/17489275-investor-alert-law-offices-of-howard-g-smith-announces-investigation-on-behalf-of-apple-inc,17489275-investor-alert-law-offices-of-howard-g-smith-announces-investigation-on-behalf-of-apple-inc
250,https://seekingalpha.com/pr/17481028-apple-expands-global-recycling-programs,17481028-apple-expands-global-recycling-programs
251,https://seekingalpha.com/pr/17480625-important-investor-alert-schall-law-firm-announces-filing-of-class-action-lawsuit-against,17480625-important-investor-alert-schall-law-firm-announces-filing-of-class-action-lawsuit-against
252,https://seekingalpha.com/pr/17478823-robbins-geller-rudman-dowd-llp-files-class-action-suit-against-apple-inc,17478823-robbins-geller-rudman-dowd-llp-files-class-action-suit-against-apple-inc
253,https://seekingalpha.com/pr/17478722-qualcomm-and-apple-agree-to-drop-all-litigation,17478722-qualcomm-and-apple-agree-to-drop-all-litigation
254,https://seekingalpha.com/pr/17473322-apple-tops-clean-energy-goal-new-supplier-commitments,17473322-apple-tops-clean-energy-goal-new-supplier-commitments
255,https://seekingalpha.com/pr/17453997-s-and-p-500-q4-2018-buybacks-set-4th-consecutive-quarterly-record-223-billion-2018-sets,17453997-s-and-p-500-q4-2018-buybacks-set-4th-consecutive-quarterly-record-223-billion-2018-sets
256,https://seekingalpha.com/pr/17375257-global-ev-demand-drives-scramble-for-fresh-supplies-of-vital-metals,17375257-global-ev-demand-drives-scramble-for-fresh-supplies-of-vital-metals
257,https://seekingalpha.com/pr/17370610-financialinsiders-com-roller-coaster-week-market-news-recap-ending-january-4th-2019,17370610-financialinsiders-com-roller-coaster-week-market-news-recap-ending-january-4th-2019
258,https://seekingalpha.com/pr/17361627-s-and-p-500-q3-2018-buybacks-surpass-200-billion-mark-for-first-time-ever,17361627-s-and-p-500-q3-2018-buybacks-surpass-200-billion-mark-for-first-time-ever
259,https://seekingalpha.com/pr/17345957-new-research-coverage-highlights-omeros-apple-bio-rad-laboratories-cott-darling-ingredients,17345957-new-research-coverage-highlights-omeros-apple-bio-rad-laboratories-cott-darling-ingredients
260,https://seekingalpha.com/pr/17309162-information-mediary-corp-joins-medopad-global-digital-health-platform,17309162-information-mediary-corp-joins-medopad-global-digital-health-platform
261,https://seekingalpha.com/pr/17278612-s-and-p-500-q2-2018-buybacks-increase-58_7-year-over-year-to-record-190_6-billion,17278612-s-and-p-500-q2-2018-buybacks-increase-58_7-year-over-year-to-record-190_6-billion
262,https://seekingalpha.com/pr/17277300-financialinsiders-com-earnings-recap-week-ending-september-21st-2018,17277300-financialinsiders-com-earnings-recap-week-ending-september-21st-2018
